2,445-180843-1-ND
5,490-6473-1-ND
11,311-1341-1-ND
16,587-2984-1-ND
2,1276-6455-1-ND
6,1276-1134-1-ND
13,1276-1044-1-ND
2,490-3291-1-ND
1,490-10671-1-ND
1,1276-1009-1-ND
1,490-4782-1-ND
1,490-4965-1-ND
2,490-5921-1-ND
2,HDS10M-13DICT-ND
1,SMAJ58ABCT-ND
1,160-1834-1-ND
1,160-1436-1-ND
1,160-1827-1-ND
1,D12V0L1B2LP-7BDICT-ND
1,5923-0ZCJ0100FF2ECT-ND
7,1934-1009-1-ND
1,3157-BFCN-2450+CT-ND
1,507-SI-52003-F-ND
1,732-3817-1-ND
1,1175-1629-ND
3,455-S6B-PH-SM4-TBCT-ND
1,2073-USB4105-GF-ACT-ND
1,A132511-ND
1,WM9352-ND
1,WM12364CT-ND
4,541-0.0SBCT-ND
1,490-16868-1-ND
1,DMG2305UX-7DICT-ND
2,P300GCT-ND
1,311-549HRCT-ND
6,311-47.0KHRCT-ND
12,RMCF0603JT10K0CT-ND
1,311-1.00KHRCT-ND
3,311-330GRCT-ND
2,311-5.10KHRCT-ND
1,311-100HRCT-ND
4,P100KHCT-ND
4,P49.9HCT-ND
1,RMCF0603FT12K1CT-ND
1,13-RT0603BRC07500RLCT-ND
1,296-14619-1-ND
1,5061-AG9905-MTB-ND
1,4823-NRF7001-QFAA-RCT-ND
1,497-16643-ND
2,296-39341-1-ND
2,296-53541-1-ND
1,296-21112-1-ND
1,LAN8720A-CP-ABC-ND
1,XC3064CT-ND
1,50-ECS-400-10-37B2-CKY-TRCT-ND
1,XC3065CT-ND
